component,type,question,Option A,Option B,Option C,Option D,Correct Answer,marks,difficulty,rubric
"Technical","mcq","What is the time complexity of searching in a Balanced Binary Search Tree (AVL/Red-Black)?","O(1)","O(log N)","O(N)","O(N^2)","B",1,"medium",""
"Technical","programming","Write a function to check if a string is a palindrome.","","","","","def is_palindrome(s):
    return s == s[::-1]",5,"medium",""
"Aptitude","mcq","Look at this series: 2, 1, (1/2), (1/4), ... What number should come next?","(1/3)","(1/8)","(2/8)","(1/16)","B",1,"easy",""
"Written English","mcq","Choose the correct sentence:","Neither of the boys were present.","Neither of the boys was present.","Neither of the boy was present.","Neither of boys were present.","B",1,"easy",""
"Written English","writing_task","Draft a formal email to a client explaining a planned maintenance downtime scheduled for this weekend. Include details about impacted services, duration (2 hours), and emergency support contacts.","","","","","Sample Email:
Subject: Scheduled System Maintenance
Dear Client,
Please be advised that system maintenance is scheduled for Saturday 2:00 AM UTC. Services will be offline for 2 hours. For emergencies, contact support@cas.local.",15,"medium","{""criteria"":[""Relevance"",""Organization"",""Grammar & Vocabulary"",""Professional Tone""],""max_per_criterion"":3.75}"
"Oral English","oral_task","Read aloud passage: ""Artificial Intelligence is transforming industries by enabling machines to learn from data, make complex decisions, and automate repetitive tasks efficiently.""","","","","","Passage read-aloud task evaluated on fluency and pronunciation.",10,"medium","{""criteria"":[""Fluency"",""Pronunciation"",""Vocabulary"",""Coherence""],""max_per_criterion"":2.5}"
"Oral English","oral_task","Describe a challenging project where you had to work with a team under tight deadlines. What role did you play and how did you resolve conflicts?","","","","","Open-ended interview speech prompt.",15,"hard","{""criteria"":[""Fluency"",""Pronunciation"",""Vocabulary"",""Coherence""],""max_per_criterion"":3.75}"